{
"source_article_link": "https://www.thehindu.com/news/national/ngt-grants-interim-relief-to-sterlite/article24641133.ece",
"title": "NGT grants interim relief to Sterlite - The Hindu",
"date_published": "2018-08-09T14:36:05+05:30",
"source_type": "news",
"source_name": "Hindu",
"image_link": [
"https://www.thehindu.com/business/Industry/hg0uw3/article24505786.ece/ALTERNATES/FREE_1080/25THBUSTERLITE"
],
"article_body": "The National Green Tribunal (NGT) on Thursday granted Vedanta Limited access to it's administrative section of the Sterlite Copper plant in Tuticorin. However, the green panel said that production process will continue to remain shut. A bench headed by NGT Chairperson, Adarsh Kumar Goel further directed the Tamil Nadu Pollution Control Board (TNPCB) to submit analysis on baseline pollution data of SIPCOT industrial area. The green panel was hearing a plea moved by Vedanta, where the mining major had challenged the state government\u2019s order of closure of the copper plant Also Read The Hindu explains: Sterlite protests The tribunal also rejected the state government\u2019s submission challenging the maintainability of Vedanta\u2019s plea. Following major protests against the operation of the plant, in May this year, the State government had issued closure order against Sterlite.",
"description": "Access given to admin section of the copper plants; production process to continue to remain shut",
"time_scraped": "2018-08-17 04:56:36.053425",
"article_id": "24641133",
"article_category": "National",
"image_details": [
{
"url": "https://www.thehindu.com/business/Industry/hg0uw3/article24505786.ece/ALTERNATES/FREE_1080/25THBUSTERLITE",
"path": "full/054915f904a361da1d0ac946197892c9b15cd232.jpg",
"checksum": "562d688c33d48e5b5dce29ba8d7df976"
}
]
}