{
"source_article_link": "https://www.thehindu.com/news/national/inside-kaziranga-counting-one-horned-rhinos/article24690291.ece",
"title": "Inside Kaziranga: counting one-horned rhinos - The Hindu",
"date_published": "2018-08-14T18:20:23+05:30",
"source_type": "news",
"source_name": "Hindu",
"image_link": [],
"article_body": "This year, 67 enumerators including 38 forest officials from across Assam and 29 invited observers undertook the Rhino Population Estimation at Kaziranga National Park. The census held in March counted 2,413 rhinos: 758 males, 942 females, and 385 calves -- the sex of 328 remains undetermined. Read full story here.",
"description": "This year, 67 enumerators including 38 forest officials from across Assam and 29 invited observers undertook the Rhino Population Estimation at Kaziranga National Park. The census held in March counted 2,413 rhinos: 758 males, 942 females, and 385 calves -- the sex of 328 remains undetermined. Read full story here.",
"time_scraped": "2018-08-17 04:56:41.868905",
"article_id": "24690291",
"article_category": "National",
"image_details": []
}