{
"source_article_link": "https://www.thehindu.com/news/national/atal-bihari-vajpayee-1924-2018/article24708344.ece",
"title": "Life and times of Atal Bihari Vajpayee - The Hindu",
"date_published": "2018-08-16T21:12:17+05:30",
"source_type": "news",
"source_name": "Hindu",
"image_link": [],
"article_body": "Former Prime Minister Atal Bihar Vajpayee, who passed away on August 16 at the All India Institute of Medical Sciences, was a skilled orator and politician.",
"description": "Former Prime Minister Atal Bihar Vajpayee, who passed away on August 16 at the All India Institute of Medical Sciences, was a skilled orator and politician.",
"time_scraped": "2018-08-17 04:55:11.557512",
"article_id": "24708344",
"article_category": "National",
"image_details": []
}