{
"source_article_link": "https://www.thehindu.com/news/national/sidhu-to-gift-pashmina-shawl-to-imran-khan/article24720484.ece",
"title": "Sidhu to gift Pashmina shawl to Imran Khan - The Hindu",
"date_published": "2018-08-18T01:09:30+05:30",
"source_type": "news",
"source_name": "Hindu",
"image_link": [
"https://www.thehindu.com/news/national/ej5xw4/article24720483.ece/ALTERNATES/FREE_1080/18TH-SIDHU"
],
"article_body": "Punjab Minister and former cricketer Navjot Singh Sidhu left for Pakistan on Friday to attend Saturday\u2019s swearing-in of Imran Khan as Prime Minister. Mr. Sidhu, who got the clearance from the Ministry of External Affairs, left for Lahore through the Attari-Wagah border. Talking to reporters before leaving, Mr. Sidhu said he was going to Pakistan with the hope that the relations between the two countries would improve. \u201cI will be presenting a Pashmina shawl to Imran Khan as a gift,\u201d he said.",
"description": "Leaves for Pak. to attend swearing-in",
"time_scraped": "2018-08-18 06:03:10.560279",
"article_id": "24720484",
"article_category": "National",
"image_details": []
}