{
"source_article_link": "https://www.thehindu.com/news/national/department-of-revenue-receives-reference-to-probe-groups-linked-to-amnesty-uk/article24720599.ece",
"title": "Department of Revenue receives reference to probe groups linked to Amnesty-UK - The Hindu",
"date_published": "2018-08-18T01:20:47+05:30",
"source_type": "news",
"source_name": "Hindu",
"image_link": [
"https://www.thehindu.com/news/national/y0h9e1/article24720598.ece/ALTERNATES/FREE_1080/Amnesty-UK"
],
"article_body": "The Department of Revenue has received a reference from the Foreign Contribution Regulation Act (FCRA) unit of the Central government, seeking a probe to determine whether the Indian entities linked to Amnesty International-UK violated foreign exchange rules. The Enforcement Directorate is looking into the issue that pertains to the FCRA unit\u2019s suspicion that Amnesty International-UK and other some entities based in the U.K. have infused funds into Amnesty (India) allegedly through commercial channels, in violation of the Foreign Exchange Management Act (FEMA) rules. The amount involved is over \u20b936 crore and were received between May 2014 and August 2016. The FCRA unit alleged that the security agencies shared information about Amnesty International-UK allegedly transferring huge funds through its four Indian entities registered as companies and trusts in Delhi and Bengaluru, via the FDI route, to expand its NGO activities in India, said an official. The entities identified were Amnesty International India Private Limited, Amnesty International South Asia Foundation, Indians For Amnesty International Trust and Amnesty International (India) Foundation.",
"description": "Over \u20b936 crore allegedly infused into Indian arm against norms.",
"time_scraped": "2018-08-18 06:03:13.502149",
"article_id": "24720599",
"article_category": "National",
"image_details": []
}