{
"source_article_link": "https://www.thehindu.com/news/national/iims-to-discuss-research-and-indianisation/article24720571.ece",
"title": "IIMs to discuss research and \u2018Indianisation\u2019 - The Hindu",
"date_published": "2018-08-18T01:17:57+05:30",
"source_type": "news",
"source_name": "Hindu",
"image_link": [],
"article_body": "The Indian Council of Social Science Research (ICSSR) will sponsor a seminar that will see directors of the prestigious Indian Institutes of Management (IIM) brainstorm on how Indian management practices can become the focus of management research in the country, apart from the use of \u201cwestern models,\u201d as is being done now. IIM Tiruchirappalli will organise the seminar sometime in October, said an official of the ICSSR. \u201cA profound discussion is required on Indianisation of management research,\u201d said the official, explaining the rationale for the seminar, which would be conducted by the host IIM and partly or wholly funded by the premier social science research body. The seminar will figure out how management research can be relevant to policies like \u2018Make In India\u2019.",
"description": "Meet to deliberate on its effect on policies like \u2018Make In India\u2019",
"time_scraped": "2018-08-18 06:03:14.006652",
"article_id": "24720571",
"article_category": "National",
"image_details": []
}