{
"source_article_link": "https://www.firstpost.com/india/kerala-floods-live-updates-wayanad-witnesses-landslides-rescue-operation-underway-to-evacuate-residents-4982051.html",
"title": "Kerala floods LIVE updates: Wayanad witnesses landslides, rescue operation underway to evacuate residents",
"date_published": "2018-08-17T14:05:34+05:30",
"source_type": "news_article",
"source_name": "FirstPost",
"image_link": [
"https://images.firstpost.com/wp-content/uploads/2018/08/WhatsApp-Image-2018-08-15-at-4.10.19-PM.jpeg"
],
"article_body": "Kerala floods latest updates: Supreme Court has directedsub-committee under Disaster Management Act 2005, Court appointed committee and National Committee for Crisis Management to explore possibility of reducing water level in Mullaperiyar dam reservoir to 139 feet from 142 feet. Both the Chalakudy river and the Periyar river are at same level butwater is not receding. Alandslide occurred in the morning at Manandhavady in Wayanadbut no casualty was reported. Kerala chief minister Pinarayi Vijayan has sought more central forces to assist the state government in the rescue operations. According to him, 16 teams of Army, 13 teams of Navy, 10 teams of Air Force and 39 teams of NDRF are now engaged in the operations. The NDRF has so far rescued 4,000 people and Navy 550. Explaining the rescue and relief operations in Kerala, TV Sajeev, head of the Forest Health Division at the Kerala Forest Research Institute which is operating three helpline routes told that there are three groups, outside Kerala, who are coordinating rescue operations at the moment \u2014 the National Defence Rescue Force, the Navy and the Air force. \"They've divided Kerala into three portions for the purpose of operational efficiency. Rescue activities are coordinated at the district Level. Every district collector is operating a district coordination centre and additionally, has their own rescue teams. Official helplines have been constituted across institutes and offices.\" According to Sajeev, people who are stranded call with their locations, the role of those managing helplines is to break this down into geographical coordinates and then transfer the information to the District Coordination Centre. \"Here, it is assigned to different rescue teams, manned either by the national forces or district teams. Those rescued are being transferred to relief camps across districts which provide accommodation, food and basic medical care services. There are private relief camps set up across districts too.\" Kerala chief minister Pinarayi Vijayan has sought more central forces to assist the state government in the rescue operations. According to him, 16 teams of Army, 13 teams of Navy, 10 teams of Air Force and 39 teams of NDRF are now engaged in the operations. The NDRF has so far rescued 4,000 people and Navy 550. Pinarayi Vijayan said, \"Total 11 helicopters have been deployed to rescue stranded people across Kerala, especially in areas. We have appealed to Centre to provide more choppers for rescue operation. We haven't been able to deploy more boats in Chengannur, Chalakudy and Aluva. We have received over 140 boats this morning. There are some areas which are high and people can only be rescued by helicopters. Total 16 units of Army deployed across the state.\" Pinarayi Vijayan addressed the media and said that since 8 August at least 164 people have died due to flooding and landslides. \"At least, 4,000 people have been rescued by NDRF till now. A total of 70 people have been airlifted from various parts of the city and 1,568 relief camps have opened up in the state,\" Vijayan said. The Southern Railways has cancel all trains going to Tamil Nadu from Mangalore. This step was taken after the flooding of railway lines in Palghat-Shoranur section. The shutters of the Thottapallyspillway havebeen opened in the Alappuzha district. The traffic along NH 47 between Alapuzha andThiruvananthapuram has been suspended for next threehours as water will flowover the highway. The district administration has appointedofficers to shelter homes.District minister Sa Ra Mahesh is camping in district monitoring rescue operations centre. Meanwhile, the road connecting GonikoppatoKutta has been blocked. NH 47 between Alappuzha and Thiruvananthapuramwill be blocked on Friday for sometime as Thottapally spillway shutters will be opened at 11 am. Defenceminister Nirmala Sitharaman tweeted that she talked to Kerala chief minister PinarayiVijayan over phone and that herequested her for more helicopters. She said that she has instructed the Vice Chief of Air Staff to provide the required assistance. BSNL Kerala has announced unlimited free calls for seven days from Friday in Kerala's four rain affected districts - Waynadu, Idukki, Alleppey and Pathanamthitta. This includes unlimited SMS and 20 minutes of free calling to non-BSNL numbers everyday. Red alert has been issued in all 13 districts except Kasaragodfor Friday. Red alert has been issued for Saturday also in Ernakulam and Idukki districts, reported. Prime Minister Narendra Modi took stock of the situation in Kerala as he spoke to chef minister Pinarayi Vijayan over phone. \"Had a telephone conversation with Kerala chief minister P Vijayan just now.We discussed flood situation across the state and reviewed rescue operations. Later this evening, I will be heading to Kerala to take stock of the unfortunate situation due to flooding,\" Narendra Modi tweeted. In a huge relief to the people on the banks of Periyar River, the government has decided not to release further water from Idukki dam. The govt has issued an advisory warning for the Cauvery river as it prepares to release more water from the Kabani and Krishna Raja SagaraDam into the river and its tributaries. More than 2.1 lakh cusecs of water is expected to reach MetturDam in Tamil Nadu. The Indian Army, state police and local rescue groups are engaged in rescue operations at Pathanamthitta, Ranni and Chenganoor localities which are submerged in flood waters. More men, including special forces with diving and rescue equipment and helicopters, are being deployed as calls for rescue have been pouring in from various parts of the districts. Fisher folks from Kollam and Thiruvananthapuram have joined the Army and state police in rescuing people stranded in Pathanamthitta district following floods in Pampa river and its tributaries. About 130 fishermen who knows swimming have been pressed into action by the Trivandrum Latin Church diocese. The fishermen have arrived in Pathanamthitta with 50 fishing boats. The Kochi International Airport on Thursday extended the suspension of all services up to 2 pm on 26 August, with large parts of the facility flooded. \"Kochi Airport operations is temporarily suspended up to 2 pm on 26 August due to very high flood situation and key essential facilities like runway, taxiway and apron are under submerged condition,\" an airport statement said. Thousands of people are stranded in flood-hit areas in Ernakulam, Thrissur, Pathanamthitta, Kottayam and Alappuzha districts are waiting for rescue teams to save their lives. Most of the people are trapped on the roof tops and upper floors of houses, apartments and hospitals for two to three days without drinking water, food and medicines. They include a large number of sick and aged people, pregnant women and children. In a press conference held on Thursday, chief minister Pinarayi Vijayan informed that the situation in Kerala is under control, with rescue missions happening in full swings. Presently around 1.5 lakh people are in refugee camps. Around 3000 people were rescued on Thursday in Ernakulam and Pattanamthitta. The Centre and State are conducting the rescue operations together, according to the Chief Minister\u2019s office. Prime minister Narendra Modi would visit Kerala and undertake an aerial survey of the flood ravaged areas on Saturday, Union Minister K J Alphons said on Thursday. Modi is expected to reach Kochi on Friday after attending the funeral of former prime minister Atal Bihari Vajpayee scheduled for 4 pm tomorrow in Delhi. After an overnight stay at Kochi, the Prime Minister will undertake an aerial survey of the flood affected areas on Saturday, Alphons said. Rescue operations are on in full swing in Kerala amid heavy rain. Image Courtesy: Naveen Nair Modi has already been in touch with chief minister Pinarayi Vijayan and had assured all assistance. The prime minister has taken a \"positive stand\" towards the state on relief measures, Vijayan had said on Wednesday after he spoke to him for the second time in the past few days. Kerala has been ravaged by unprecedented floods following torrential rains that also triggered landslides, claiming 97 lives since 8 August besides disrupting air, rail and road traffic in several places. Union Home Minister Rajnath Singh had on 12 August undertook an aerial survey of the floot-hit regions and announced an immediate central assistance of Rs 100 crore to the state for relief works.",
"description": "Kerala floods latest updates: Supreme Court has directedsub-committee under Disaster Management Act 2005, Court appointed committee and National Committee for Crisis Management to explore possibility of reducing water level in Mullaperiyar dam reservoir to 139 feet from 142 feet. Both the Chalakudy river and the Periyar river are at same level butwater is not receding. Alandslide occurred in the morning at Manandhavady in Wayanadbut no casualty was reported. Kerala chief minister Pinarayi Vijayan has sought more central forces to assist the state government in the rescue operations. According to him, 16 teams of Army, 13 teams of Navy, 10 teams of Air Force and 39 teams of NDRF are now engaged in the operations. The NDRF has so far rescued 4,000 people and Navy 550. Explaining the rescue and relief operations in Kerala, TV Sajeev, head of the Forest Health Division at the Kerala Forest Research Institute which is operating three helpline routes told that there are three groups, outside Kerala, who are coordinating rescue operations at the moment \u2014 the National Defence Rescue Force, the Navy and the Air force.",
"time_scraped": "2018-08-17 14:40:43.498681",
"article_id": "4982051",
"article_category": "India",
"image_details": [
{
"url": "https://images.firstpost.com/wp-content/uploads/2018/08/WhatsApp-Image-2018-08-15-at-4.10.19-PM.jpeg",
"path": "full/b9e5c5daa63aebef6990565051ee24ae20c4d7cf.jpg",
"checksum": "1ad00d69233181e83acd81ded8987e26"
}
]
}