{
"source_article_link": "https://www.firstpost.com/india/narendra-modi-to-visit-kerala-to-take-stock-of-flood-situation-following-telephone-conversation-with-pinarayi-vijayan-4982941.html",
"title": "Narendra Modi to visit Kerala to take stock of flood situation following telephone conversation with Pinarayi Vijayan",
"date_published": "2018-08-17T09:54:31+05:30",
"source_type": "news_article",
"source_name": "FirstPost",
"image_link": [],
"article_body": "New Delhi : Prime Minister Narendra Modi will visit Kerala on Friday evening to take stock of the flood situation in the state. He tweeted that he would be reaching the state later this evening \"to take stock of the unfortunate situation due to floods there.\" Had a telephone conversation with Kerala CM Shri Pinarayi Vijayan just now. We discussed the flood situation across the state and reviewed rescue operations. Later this evening, I will be heading to Kerala to take stock of the unfortunate situation due to flooding. @CMOKerala \u2014 Narendra Modi (@narendramodi) August 17, 2018 The prime minister spoke with Kerala Chief Minister Pinarayi Vijayan on Friday morning. \"We discussed the flood situation across the state and reviewed rescue operations,\" Modi, who has been in touch with Vijayan for the last two days, said. Torrential rain and floods have played havoc in Kerala, claiming the lives of nearly 100 people.",
"description": "New Delhi : Prime Minister Narendra Modi will visit Kerala on Friday evening to take stock of the flood situation in the state. He tweeted that he would be reaching the state later this evening \"to take stock of the unfortunate situation due to floods there.\" Had a telephone conversation with Kerala CM Shri Pinarayi Vijayan just now. We discussed the flood situation across the state and reviewed rescue operations. Later this evening, I will be heading to Kerala to take stock of the unfortunate situation due to flooding.",
"time_scraped": "2018-08-17 14:40:50.148478",
"article_id": "4982941",
"article_category": "India",
"image_details": []
}