{
"source_article_link": "https://timesofindia.indiatimes.com/india/pm-modi-to-visit-russia-next-week-for-informal-summit-with-vladimir-putin/articleshow/64161729.cms?&utm_source=Articleshow&utm_medium=Organic&utm_campaign=Related_Stories",
"title": "PM Modi to visit Russia next week for informal summit with Vladimir Putin",
"date_published": "2018-05-14T20:12:47+05:30",
"source_type": "news_article",
"source_name": "timesofindia.indiatimes.com",
"image_link": [
"https://timesofindia.indiatimes.com/thumb/msid-64161730,imgsize-51228,width-400,resizemode-4/64161730.jpg"
],
"article_body": "NEW DELHI: Prime Minister Narendra Modi will travel to Russia on May 21 for an informal summit with Russian President , the ministry of external affairs (MEA) announced on Monday. The informal summit will be held in Russian city of . \"This will be an important occasion for the two leaders to exchange views on international matters in a broad and long-term perspective with the objective of further strengthening our Special and Privileged Strategic partnership,\" the MEA said in a statement. It said both the leaders will also discuss their respective national developmental priorities and bilateral matters. \"This informal Summit in Sochi between Prime Minister Modi and President Putin is in keeping with the tradition of regular consultations between India and Russia at the highest levels,\" the MEA said. Last month, Modi had travelled to Chinese city of Wuhan for an informal summit with President Xi Jinping.",
"description": "The informal summit will be held in Russian city of Sochi. MEA statement said that both the leaders will also discuss their respective national developmental priorities and bilateral matters.",
"time_scraped": "2018-08-19 00:46:17.022716",
"article_id": "64161729",
"article_category": "IndiaNews",
"image_details": [
{
"url": "https://timesofindia.indiatimes.com/thumb/msid-64161730,imgsize-51228,width-400,resizemode-4/64161730.jpg",
"path": "full/2d5f9278b38bccdeeeda8b1d74ad32c5bdc8169b.jpg",
"checksum": "944940812d3d2fc22c692b135bd45186"
}
]
}