{
"source_article_link": "https://timesofindia.indiatimes.com/india/rahul-gandhi-wishes-arun-jaitley-speedy-recovery-after-kidney-transplant/articleshow/64161441.cms?&utm_source=Articleshow&utm_medium=Organic&utm_campaign=Related_Stories",
"title": "Rahul Gandhi wishes Arun Jaitley speedy recovery after Kidney transplant",
"date_published": "2018-05-14T17:55:20+05:30",
"source_type": "news_article",
"source_name": "timesofindia.indiatimes.com",
"image_link": [
"https://timesofindia.indiatimes.com/thumb/msid-64161437,imgsize-166743,width-400,resizemode-4/64161437.jpg"
],
"article_body": "NEW DELHI: President on Monday wished a speedy recovery to Finance Minister , who has undergone a surgery at . \"I'm happy to hear that Jaitley ji's kidney transplant surgery today at AIIMS went well. I wish him a speedy recovery,\" Gandhi said in a tweet. The All India Institute Of Medical Science (AIIMS) said that both the recipient and the donor were stable and recovering well.",
"description": "NEW DELHI: President on Monday wished a speedy recovery to Finance Minister , who has undergone a surgery at",
"time_scraped": "2018-08-21 03:00:39.224059",
"article_id": "64161441",
"article_category": "IndiaNews",
"image_details": [
{
"url": "https://timesofindia.indiatimes.com/thumb/msid-64161437,imgsize-166743,width-400,resizemode-4/64161437.jpg",
"path": "full/177ee883fff766734c7fbac13c4261ed6f1b0d1c.jpg",
"checksum": "a9c302625a9dc0a4443bec7bba5210e1"
}
]
}