{
"source_article_link": "https://timesofindia.indiatimes.com/india/met-office-issues-fresh-warning-of-thunderstorm-in-up/articleshow/64209973.cms?&utm_source=Articleshow&utm_medium=Organic&utm_campaign=Related_Stories",
"title": "Met office issues fresh warning of thunderstorm in UP",
"date_published": "2018-05-17T21:42:44+05:30",
"source_type": "news_article",
"source_name": "timesofindia.indiatimes.com",
"image_link": [],
"article_body": "LUCKNOW: Thunderstorm and squall are \"very likely\" to hit some areas of eastern Uttar Pradesh tomorrow, the meteorological office has warned. It said the districts that could be affected are Siddhartnagar, Kushinagar and Maharajganj. In its forecast, the Met office said rain and thunderstorm are very likely at isolated places over east Uttar Pradesh and weather is likely to remain dry over western part of the state. Several parts of the state were hit by severe storm last week leaving 18 dead and 27 others injured. Last Wednesday, five people died in Etawah district, three each in Mathura, Aligarh and Agra, two in Firozabad and one each in Hathras and Kanpur Dehat. On May 2-3, storm had killed 134 people and injured over 400 in five states. Uttar Pradesh was the worst affected, accounting for 80 deaths, most of them in Agra district in western part.",
"description": "LUCKNOW: Thunderstorm and squall are \"very likely\" to hit some areas of eastern Uttar Pradesh tomorrow, the meteorological office has warned. It said the districts that could be affected are Siddhartnagar, Kushinagar and Maharajganj. In its forecast, the Met office said rain and thunderstorm are very likely at isolated places over east Uttar Pradesh and weather is likely to remain dry over western part of the state. Several parts of the state were hit by severe storm last week leaving 18 dead and 27 others injured. Last Wednesday, five people died in Etawah district, three each in Mathura, Aligarh and Agra, two in Firozabad and one each in Hathras and Kanpur Dehat. On May 2-3, storm had killed 134 people and injured over 400 in five states. Uttar Pradesh was the worst affected, accounting for 80 deaths, most of them in Agra district in western part.",
"time_scraped": "2018-08-19 06:00:27.817779",
"article_id": "64209973",
"article_category": "IndiaNews",
"image_details": []
}