{
"source_article_link": "https://timesofindia.indiatimes.com/india/pm-narendra-modi-greetstelangana-on-statehood-day/articleshow/64424816.cms?&utm_source=Articleshow&utm_medium=Organic&utm_campaign=Related_Stories",
"title": "PM Narendra Modi greets Telangana on Statehood day",
"date_published": "2018-06-02T12:33:03+05:30",
"source_type": "news_article",
"source_name": "timesofindia.indiatimes.com",
"image_link": [
"https://timesofindia.indiatimes.com/thumb/msid-64425408,imgsize-102286,width-400,resizemode-4/64425408.jpg"
],
"article_body": "NEW DELHI: Prime Minister greeted the people of on their today. \"On their Statehood Day, my best wishes to the people of Telangana. May the dreams and aspirations of the people of the state be fulfilled in the years to come,\" Modi tweeted.   Telangana is celebrating its fourth year of formation. It became the country's 29th state on June 2, 2014, after it was carved out of . Modi also expressed his wishes for the people of Andhra Pradesh. \"Greetings to my sisters and brothers of Andhra Pradesh. I pray for the good health and prosperity of the people of the state,\" the Prime Minister said in another tweet.",
"description": "NEW DELHI: Prime Minister greeted the people of on their today. \"On their Statehood Day, my best wishes to the people of Telangana. May the dreams and aspirations of the people of the state be fulfilled in the years to come,\" Modi tweeted.",
"time_scraped": "2018-08-20 21:00:17.355810",
"article_id": "64424816",
"article_category": "IndiaNews",
"image_details": [
{
"url": "https://timesofindia.indiatimes.com/thumb/msid-64425408,imgsize-102286,width-400,resizemode-4/64425408.jpg",
"path": "full/d07993196048850268de39d00614371eb452658e.jpg",
"checksum": "cfda8d77ad9897e97d0c585c22c211b3"
}
]
}