{
"source_article_link": "https://timesofindia.indiatimes.com/india/navy-sends-ship-to-socotra-island-in-yemen-to-rescue-38-stranded-indians/articleshow/64430918.cms?&utm_source=Articleshow&utm_medium=Organic&utm_campaign=Related_Stories",
"title": "Navy sends ship to Socotra island in Yemen to rescue 38 stranded Indians",
"date_published": "2018-06-02T21:19:55+05:30",
"source_type": "news_article",
"source_name": "timesofindia.indiatimes.com",
"image_link": [],
"article_body": "NEW DELHI: Around 38 Indians are stranded in and around in after a cyclone hit the area and the Indian has launched an operation to rescue them. The Navy has already deployed its ship INS Sunayna as part of the ' ' to evacuate the Indians. A Navy spokesperson said INS Sunayna, which was deployed in Western Arabian Sea, is now heading towards Socotra for the humanitarian and disaster relief (HADR) operation. \"#HADR @indiannavy launches #OpNistar 2 evacuate around 38 stranded Indian nationals in/around Socotra. INS Sunayna mission deployed in W Arabian Sea has been diverted to reach off Socotra tomorrow. Indian seafarers stranded view cyclone Mekunu which hit that area few days back,\" the spokesperson tweeted. The cyclone Mekunu badly hit various parts of Oman and Socotra island.",
"description": "NEW DELHI: Around 38 Indians are stranded in and around in after a cyclone hit the area and the Indian has launched an operation to rescue them. The Navy has already deployed its ship INS Sunayna as part of the '",
"time_scraped": "2018-08-19 06:00:25.713945",
"article_id": "64430918",
"article_category": "IndiaNews",
"image_details": []
}