{
"source_article_link": "https://timesofindia.indiatimes.com/india/qs-world-university-rankings-2019-iit-bombay-iisc-move-up/articleshow/64492429.cms?&utm_source=Articleshow&utm_medium=Organic&utm_campaign=Related_Stories",
"title": "QS World University Rankings 2019: IIT Bombay, IISc move up",
"date_published": "2018-06-07T15:04+00:00",
"source_type": "news_article",
"source_name": "timesofindia.indiatimes.com",
"image_link": [],
"article_body": "Three feature in the top 200 universities of the QS World 2019 -- Indian Insitiute of Technology (IIT), Bombay, Indian Institute of Science (IISc), Bangalore and IIT Delhi. While IIT Delhi has retained the same ranking as last year, IIT Bombay which ranks 162 in 2019 has climbed up 17 notches. IISc too has moved up 20 to be ranked 170 in 2019. In all, the number of Indian universities in the top 1,000 increased from 20 to 24. Here\u2019s a look at Indian universities that feature among the top 500 in 2019 as compared to 2018 and the world's best universities.    ",
"description": "Three feature in the top 200 universities of the QS World 2019 -- Indian Insitiute of Technology (IIT), Bombay, Indian Institute of Science (IISc), Bangalore and IIT Delhi. While IIT Delhi has retained the same ranking as last year, IIT Bombay which ranks 162 in 2019 has climbed up 17 notches. IISc too has moved up 20 to be ranked 170 in 2019. In all, the number of Indian universities in the top 1,000 increased from 20 to 24. Here\u2019s a look at Indian universities that feature among the top 500 in 2019 as compared to 2018 and the world's best universities.  ",
"time_scraped": "2018-08-20 03:00:17.821814",
"article_id": "64492429",
"article_category": "IndiaNews",
"image_details": []
}