{
"source_article_link": "https://timesofindia.indiatimes.com/india/body-of-indian-navy-sailor-recovered-off-tamil-nadu-coast/articleshow/64519509.cms?&utm_source=Articleshow&utm_medium=Organic&utm_campaign=Related_Stories",
"title": "Body of Indian Navy sailor recovered off Tamil Nadu coast",
"date_published": "2018-06-09T14:46:30+05:30",
"source_type": "news_article",
"source_name": "timesofindia.indiatimes.com",
"image_link": [
"https://timesofindia.indiatimes.com/thumb/msid-64519511,imgsize-130578,width-400,resizemode-4/64519511.jpg"
],
"article_body": "RAMESWARAM: The body of a 27-year-old, who slipped and fell into the sea offcoast, was recovered some five nautical miles off Jegadapattinam in Pudukottai district, intelligence bureau officials here said.Ramprakash, a Grade-II sailor, was sailing INS Car Nicobar on Wednesday night when he fell off the patrol vessel between Thondi and Jegadapattinam, they said.A search involving ships of the Navy and Coast Guard was launched to trace the sailor.His body was found last night, about five nautical miles off Jegadapattinam coast, IB officials said.The mortal remains of the sailor were taken to Chennai.",
"description": "RAMESWARAM: The body of a 27-year-old, who slipped and fell into the sea offcoast, was recovered some five nautical miles off Jegadapattinam in Pudukottai district, intelligence bureau officials here said.Ramprakash, a Grade-II sailor, was sailing INS Car Nicobar on Wednesday night when he fell off the patrol vessel between Thondi and Jegadapattinam, they said.A search involving ships of the Navy and Coast Guard was launched to trace the sailor.",
"time_scraped": "2018-08-16 01:33:06.177627",
"article_id": "64519509",
"article_category": "IndiaNews",
"image_details": [
{
"url": "https://timesofindia.indiatimes.com/thumb/msid-64519511,imgsize-130578,width-400,resizemode-4/64519511.jpg",
"path": "full/924503443f71e92fffa751a31411e0cdce3ae254.jpg",
"checksum": "dec7f53a3b38d260572eb4a8ed00feb4"
}
]
}