{
"source_article_link": "https://timesofindia.indiatimes.com/india/former-prime-minister-atal-bihari-vajpayee-admitted-to-aiims/articleshow/64539470.cms?&utm_source=Articleshow&utm_medium=Organic&utm_campaign=Related_Stories",
"title": "Former Prime Minister Atal Bihari Vajpayee admitted to AIIMS",
"date_published": "2018-06-11T13:30:36+05:30",
"source_type": "news_article",
"source_name": "timesofindia.indiatimes.com",
"image_link": [],
"article_body": "NEW DELHI: FormerAtal Bihari Vajpayee was today admitted to New Delhi's All India Institute of Medical Sciences () for what doctors described as a routine check-up and investigations.He was hospitalised on the advice of doctors. At AIIMS, he will be under the supervision of Dr Randeep Guleria, a pulmonologist and currently director at AIIMS. Dr Guleria has served as personal physician to Vajpayee for over three decades.Vajpayee, 93, was the first head of government from outside the Congress party to serve a full five-year term, as a leader of the. He is also a recipient of India's highest civilian honour, theBorn in 1924, Vajpayee entered politics during the Quit India movement in 1942. He was also the first external affairs minister to deliver a speech in the UN Assembly in Hindi.Vajpayee was elected to Lok Sabha from Lucknow in 1991, 1996, 1998, 1999 and 2004.",
"description": "Vajpayee was hospitalised for a routine check-up on the advice of doctors  At AIIMS, he will be under the supervision of Dr Randeep Guleria Dr Guleria has served as personal physician to Vajpayee for over three decades",
"time_scraped": "2018-08-16 01:32:54.684565",
"article_id": "64539470",
"article_category": "IndiaNews",
"image_details": []
}