{
"source_article_link": "https://timesofindia.indiatimes.com/india/gauri-lankeshs-killers-took-shelter-in-satara-house-after-murder/articleshow/64618174.cms?&utm_source=Articleshow&utm_medium=Organic&utm_campaign=Related_Stories",
"title": "Gauri Lankesh's killers took shelter in Satara house after murder?",
"date_published": "2018-06-17T05:26:51+05:30",
"source_type": "news_article",
"source_name": "timesofindia.indiatimes.com",
"image_link": [
"https://timesofindia.indiatimes.com/thumb/msid-64618171,imgsize-31055,width-400,resizemode-4/64618171.jpg"
],
"article_body": "The SIT team last month raided a house in Satara where the suspects in the Gauri murder case, including Parashuram Waghmore, had apparently taken shelter for a month after committing the crime. A police officer confirmed the raid. Police sources said investigations into the Lankesh murder have unearthed important information regarding the murders of rationalists and Govind Pansare from and M M Kalburgi from Karnataka.",
"description": "The SIT team last month raided a house in Satara where the suspects in the Gauri murder case, including Parashuram Waghmore, had apparently taken shelter for a month after committing the crime. A police officer confirmed the raid. Police sources said investigations into the Lankesh murder have unearthed important information regarding the murders of rationalists and Govind Pansare from and M M Kalburgi from Karnataka.",
"time_scraped": "2018-08-19 00:43:45.867032",
"article_id": "64618174",
"article_category": "IndiaNews",
"image_details": [
{
"url": "https://timesofindia.indiatimes.com/thumb/msid-64618171,imgsize-31055,width-400,resizemode-4/64618171.jpg",
"path": "full/e34c754464e1d087e2913dfd135a8f89f49998a7.jpg",
"checksum": "876b8235c70479101d8fec0ba0df19c3"
}
]
}