{
"source_article_link": "https://timesofindia.indiatimes.com/india/army-repatriates-boy-from-pakistan-occupied-kashmir/articleshow/64768683.cms?&utm_source=Articleshow&utm_medium=Organic&utm_campaign=Related_Stories",
"title": "Army repatriates boy from Pakistan occupied Kashmir",
"date_published": "2018-06-27T22:35:43+05:30",
"source_type": "news_article",
"source_name": "timesofindia.indiatimes.com",
"image_link": [],
"article_body": "JAMMU: As a goodwill gesture, on Wednesday repatriated the minor boy from Pakistan-occupied-Kashmir ( ) who was detained on this side of the border in Poonch district of . \u201cMohammad Abdullah, son of Sarfaraz, a resident of Degwar Tehsil in Haveli district of PoK, who had inadvertently crossed the LoC in is being repatriated at about 14:30 hours at Chakan Da Bagh crossing point in Poonch district,\u201d Jammu defence spokesman said here on Wednesday evening. \u201cThe minor boy has been presented a set of new clothes and a box of sweets,\u201d the spokesman said, adding, \u201cIndian Army stands by its ethos of being a humane force and maintains sensitivity while dealing with innocent civilians.\u201d He said the minor boy was apprehended by Indian troops on June 24 in Digwar of Poonch district and handed over to J&K Police on the same day. \u201cMohammad Abdullah has been released on humanitarian grounds, owing to his young age and to boost the confidence-building measures between India and Pakistan,\u201d he added.",
"description": "JAMMU: As a goodwill gesture, on Wednesday repatriated the minor boy from Pakistan-occupied-Kashmir ( ) who was detained on this side of the border in Poonch district of . \u201cMohammad Abdullah, son of Sarfaraz, a resident of Degwar Tehsil in Haveli district of PoK, who had inadvertently crossed the LoC in",
"time_scraped": "2018-08-19 18:00:12.461729",
"article_id": "64768683",
"article_category": "IndiaNews",
"image_details": []
}