{
"source_article_link": "https://timesofindia.indiatimes.com/india/pm-enquires-about-condition-of-vajpayee-during-aiims-visit/articleshow/64794910.cms?&utm_source=Articleshow&utm_medium=Organic&utm_campaign=Related_Stories",
"title": "PM enquires about condition of Vajpayee during AIIMS visit",
"date_published": "2018-06-29T17:29:17+05:30",
"source_type": "news_article",
"source_name": "timesofindia.indiatimes.com",
"image_link": [
"https://timesofindia.indiatimes.com/thumb/msid-64794928,imgsize-543540,width-400,resizemode-4/64794928.jpg"
],
"article_body": "NEW DELHI: Prime Minister on Friday enquired about the condition of ailing BJP stalwart during a visit to the All India Institute of Medical Sciences. After attending an event at the , Modi went to the wing where the 93-year-old former Prime Minister is admitted and spent around 10-15 minutes there, a hospital source said. Modi had paid two earlier visits to the hospital to enquire about Vajpayee's health. Vajpayee was admitted to the AIIMS on June 11 with kidney tract infection, chest congestion, urinary tract infection and urine output on the lower side. The former Prime Minister is a diabetic and has one functional kidney. He had suffered a stroke in 2009 that weakened his cognitive abilities. Subsequently, he developed dementia.",
"description": "NEW DELHI: Prime Minister on Friday enquired about the condition of ailing BJP stalwart during a visit to the All India Institute of Medical Sciences. After attending an event at the , Modi went to the wing where the 93-year-old former Prime Minister is admitted and spent around 10-15 minutes there, a hospital source said.",
"time_scraped": "2018-08-18 06:01:18.374318",
"article_id": "64794910",
"article_category": "IndiaNews",
"image_details": [
{
"url": "https://timesofindia.indiatimes.com/thumb/msid-64794928,imgsize-543540,width-400,resizemode-4/64794928.jpg",
"path": "full/0f53adb42617ef4fc1a69547a7f25d75cea2d834.jpg",
"checksum": "1b9db42edf21c5526bfa561fff12511f"
}
]
}