{
"source_article_link": "https://timesofindia.indiatimes.com/india/president-summons-rajya-sabha-for-monsoon-session/articleshow/64809675.cms?&utm_source=Articleshow&utm_medium=Organic&utm_campaign=Related_Stories",
"title": "President summons Rajya Sabha for Monsoon Session",
"date_published": "2018-06-30T22:43:23+05:30",
"source_type": "news_article",
"source_name": "timesofindia.indiatimes.com",
"image_link": [],
"article_body": "NEW DELHI: The has summoned the for the from July 18 and it is scheduled to conclude on August 10, according to an official statement. \"The President has summoned the Rajya Sabha to meet on Wednesday, July 18 at New Delhi. Subject to exigencies of business, the session is scheduled to conclude on Friday, August 10,\" Upper House secretary general Desh Deepak Verma said in the statement. The Monsoon session will have nearly 18 sittings, parliamentary affairs minister had announced early this week. The triple talaq bill, which has been passed by the and is pending in the Rajya Sabha, will be at the top of the government's agenda. More than six ordinances will be taken up, Kumar had said.",
"description": "NEW DELHI: The has summoned the for the from July 18 and it is scheduled to conclude on August 10, according to an official statement. \"The President has summoned the Rajya Sabha to meet on Wednesday, July 18 at New Delhi. Subject to exigencies of business, the session is scheduled to conclude on Friday, August 10,\" Upper House secretary general Desh Deepak Verma said in the statement.",
"time_scraped": "2018-08-19 06:00:18.422713",
"article_id": "64809675",
"article_category": "IndiaNews",
"image_details": []
}