{
"source_article_link": "https://timesofindia.indiatimes.com/india/congress-mocks-pm-over-rupee-fall-swiss-deposits/articleshow/64800611.cms?&utm_source=Articleshow&utm_medium=Organic&utm_campaign=Related_Stories",
"title": "Congress mocks PM over Rupee fall, Swiss deposits",
"date_published": "2018-06-30T08:05:19+05:30",
"source_type": "news_article",
"source_name": "timesofindia.indiatimes.com",
"image_link": [
"https://timesofindia.indiatimes.com/thumb/msid-64800610,imgsize-97555,width-400,resizemode-4/64800610.jpg"
],
"article_body": "NEW DELHI: Congress on Friday slammed the Modi government over the fall in value of rupee and the rise in Indian deposits in Swiss banks, saying the two developments exposed the \u201clies\u201d of the BJP regime that UPA was corrupt and it would cleanse the system. Targeting Modi, Congress president tweeted, \u201cIn 2014, he said: I will bring back all the \u2018black\u2019 money in Swiss banks and put Rs 15 lakh in each account. In 2016, he said: Demonetisation will cure India of \u2018black\u2019 money. In 2018, he says: 50% jump in Swiss deposits by Indians is \u2018white\u2019 money. No \u2018black\u2019 in Swiss banks!\u201d   Congress spokesman RPN Singh said BJP had been the worst performer on the economic front as the rupee had touched its lowest mark in 2018 while the 50% rise in deposits in Swiss banks this year was the second highest ever. It was the highest at 56% in 2004. ",
"description": "NEW DELHI: Congress on Friday slammed the Modi government over the fall in value of rupee and the rise in Indian deposits in Swiss banks, saying the two developments exposed the \u201clies\u201d of the BJP regime that UPA was corrupt and it would cleanse the system. Targeting Modi, Congress president tweeted, \u201cIn 2014, he said: I will bring back all the \u2018black\u2019 money in Swiss banks and put Rs 15 lakh in each account. In 2016, he said: Demonetisation will cure India of \u2018black\u2019 money. In 2018, he says: 50% jump in Swiss deposits by Indians is \u2018white\u2019 money. No \u2018black\u2019 in Swiss banks!\u201d",
"time_scraped": "2018-08-16 21:00:14.922247",
"article_id": "64800611",
"article_category": "IndiaNews",
"image_details": [
{
"url": "https://timesofindia.indiatimes.com/thumb/msid-64800610,imgsize-97555,width-400,resizemode-4/64800610.jpg",
"path": "full/b5e2f2a3408575e96634daa924675c62c0a354eb.jpg",
"checksum": "61951a04a3fba277cddb8c308feff0fe"
}
]
}