{
"source_article_link": "https://timesofindia.indiatimes.com/india/pm-modi-condemns-terrorist-attack-in-afghanistan/articleshow/64821684.cms?&utm_source=Articleshow&utm_medium=Organic&utm_campaign=Related_Stories",
"title": "PM Modi condemns terrorist attack in Afghanistan",
"date_published": "2018-07-02T09:28:51+05:30",
"source_type": "news_article",
"source_name": "timesofindia.indiatimes.com",
"image_link": [
"https://timesofindia.indiatimes.com/thumb/msid-64821667,imgsize-72582,width-400,resizemode-4/64821667.jpg"
],
"article_body": "NEW DELHI: Prime Minister on Monday termed the terror strike in as an attack on the nation's multicultural fabric. \"We strongly condemn the terror attacks in Afghanistan yesterday. They are an attack on Afghanistan's multicultural fabric,\" he wrote on Twitter.  He said India stands ready to assist the Afghanistan government \"in this sad hour\". \"My thoughts are with the bereaved families. I pray that the injured recover soon. India stands ready to assist the Afghanistan government in this sad hour,\" Modi said. External Affairs Minister , too, tweeted about the incident.  At least 19 people, including Hindus and Sikhs, were killed in a blast in Afghanistan's on Sunday.",
"description": "NEW DELHI: Prime Minister on Monday termed the terror strike in as an attack on the nation's multicultural fabric. \"We strongly condemn the terror attacks in Afghanistan yesterday. They are an attack on Afghanistan's multicultural fabric,\" he wrote on Twitter. ",
"time_scraped": "2018-08-17 15:00:44.378604",
"article_id": "64821684",
"article_category": "IndiaNews",
"image_details": [
{
"url": "https://timesofindia.indiatimes.com/thumb/msid-64821667,imgsize-72582,width-400,resizemode-4/64821667.jpg",
"path": "full/04b66c316a0038937e7b093f559d5848ee20634a.jpg",
"checksum": "fd1c9ef18f968bd941f679c8c61962b5"
}
]
}