{
"source_article_link": "https://timesofindia.indiatimes.com/india/13-bangladeshi-immigrants-arrested-in-uttar-pradesh/articleshow/64828143.cms?&utm_source=Articleshow&utm_medium=Organic&utm_campaign=Related_Stories",
"title": "13 Bangladeshi immigrants arrested in Uttar Pradesh",
"date_published": "2018-07-02T17:24:02+05:30",
"source_type": "news_article",
"source_name": "timesofindia.indiatimes.com",
"image_link": [],
"article_body": "LUCKNOW: Thirteen illegal immigrants from Bangladesh staying in of were arrested on Monday, police said. The immigrants were arrested from the Indiranagar locality in the slum area. An official told IANS that the arrested include five women, four youth and four children. The arrest came following leads given by a Bangladeshi arrested on June 25 this year. He was masquerading as a seer. An official said that they were being interrogated by the local intelligence unit (LIU) sleuths. (CO) of Govardhan Jagveer Chauhan said the immigrants have already got their local identity cards like Aadhaar made and a probe is being initiated on how it was made possible. A case has been filed against these 13 under relevant sections of the IPC, the official added.",
"description": "LUCKNOW: Thirteen illegal immigrants from Bangladesh staying in of were arrested on Monday, police said. The immigrants were arrested from the Indiranagar locality in the slum area. An official told IANS that the arrested include five women, four youth and four children. The arrest came following leads given by a Bangladeshi arrested on June 25 this year. He was masquerading as a seer.",
"time_scraped": "2018-08-17 06:00:20.447412",
"article_id": "64828143",
"article_category": "IndiaNews",
"image_details": []
}