{
"source_article_link": "https://timesofindia.indiatimes.com/india/sushma-swaraj-holds-talks-with-turkmenistan-counterpart/articleshow/65242872.cms?&utm_source=Articleshow&utm_medium=Organic&utm_campaign=Related_Stories",
"title": "Sushma Swaraj holds talks with Turkmenistan counterpart",
"date_published": "2018-08-02T15:23:35+05:30",
"source_type": "news_article",
"source_name": "timesofindia.indiatimes.com",
"image_link": [
"https://timesofindia.indiatimes.com/thumb/msid-65242882,imgsize-577651,width-400,resizemode-4/65242882.jpg"
],
"article_body": "ASHGABAT: External Affairs Minister on Thursday held talks with her counterpart on a wide range of bilateral issues during a transit halt here. Swaraj, on her way to , was received at the airport by Meredov. \"Making the most of a transit halt!,\" Raveesh Kumar, the Spokesperson for the Ministry of External Affairs, tweeted. Swaraj had a good exchange of views on a wide range of bilateral issues, he said. Swaraj is currently on a four-day visit to Kazakhstan, the Kyrgyz Republic and Uzbekistan as part of India's efforts to boost strategic partnership with resource-rich Central Asian nations.",
"description": "ASHGABAT: External Affairs Minister on Thursday held talks with her counterpart on a wide range of bilateral issues during a transit halt here. Swaraj, on her way to",
"time_scraped": "2018-08-19 15:00:06.729620",
"article_id": "65242872",
"article_category": "IndiaNews",
"image_details": [
{
"url": "https://timesofindia.indiatimes.com/thumb/msid-65242882,imgsize-577651,width-400,resizemode-4/65242882.jpg",
"path": "full/589c207f46deb0997abab816ca21dd9e0f599e70.jpg",
"checksum": "90f55e28983de89203722deae0eb61fb"
}
]
}