{
"source_article_link": "https://timesofindia.indiatimes.com/india/pianists-version-of-jana-gana-mana-gets-28-million-views-in-a-week/articleshow/65276320.cms?&utm_source=Articleshow&utm_medium=Organic&utm_campaign=Related_Stories",
"title": "Pianist\u2019s version of Jana Gana Mana gets 28 million views in a week",
"date_published": "2018-08-05T07:32:43+05:30",
"source_type": "news_article",
"source_name": "timesofindia.indiatimes.com",
"image_link": [],
"article_body": "NEW DELHI: When it comes to viral music videos, what comes to mind?, Shape of You...? Did you think the national anthem could garner 28 million views?Mumbai-based entrepreneur and pianistwas surprised too when his 2.35-minute piano rendition ofracked up so many views.Italia, 38, says the debates about the court order on the anthem in theatres made him think more deeply about the song. \u201cI decided to come up with my version of it,\u201d says Italia. He released the video online on July 29 with the hashtag.",
"description": "NEW DELHI: When it comes to viral music videos, what comes to mind?, Shape of You...? Did you think the national anthem could garner 28 million views?Mumbai-based entrepreneur and pianistwas surprised too when his 2.35-minute piano rendition ofracked up so many views.",
"time_scraped": "2018-08-16 01:34:16.387647",
"article_id": "65276320",
"article_category": "IndiaNews",
"image_details": []
}