{
"source_article_link": "https://timesofindia.indiatimes.com/india/tmc-observes-black-day-in-west-bengal-against-manhandling-of-its-leaders/articleshow/65270993.cms?&utm_source=Articleshow&utm_medium=Organic&utm_campaign=Related_Stories",
"title": "TMC observes 'black day' in West Bengal against manhandling of its leaders",
"date_published": "2018-08-04T17:01:49+05:30",
"source_type": "news_article",
"source_name": "timesofindia.indiatimes.com",
"image_link": [
"https://timesofindia.indiatimes.com/thumb/msid-65270991,imgsize-93672,width-400,resizemode-4/65270991.jpg"
],
"article_body": "KOLKATA: The Trinamool Congress on Saturday observed a 'black day' in various parts of in protest against the alleged \"detention and manhandling\" of its leaders in 's Silchar airport. The protest will continue on Sunday too, party sources said. TMC ministers, leaders and activists hit the streets in the districts and blocks across the state to protest against the alleged assault on the eight-member TMC team at the Silchar airport on Thursday when they tried to enter Assam's Cachar district to assess the situation in the wake of the publication of the final draft of the National Register of Citizens ( ). Carrying placards and sporting black masks and badges, TMC activists shouted slogans against the BJP governments at the Centre and Assam and the final draft of the NRC, published on July 30 and touted to be The eight-member TMC delegation had comprised of six MPs, an MLA and West Bengal minister Firhad Hikim. They were stopped at the Silchar airport and put under preventive detention. They returned to the city on Friday. TMC chief and West Bengal chief minister had alleged that the members of the delegation, including women, were manhandled at the airport and accused the BJP of imposing a \"super emergency\" in the country. TMC secretary-general Partha Chatterjee had on Friday said, \"What happened to our party delegation is not only shameful but also undemocratic. Our slogan will be 'we don't need this monstrous government anymore'.\"",
"description": "KOLKATA: The Trinamool Congress on Saturday observed a 'black day' in various parts of in protest against the alleged \"detention and manhandling\" of its leaders in 's Silchar airport. The protest will continue on Sunday too, party sources said. TMC ministers, leaders and activists hit the streets in the districts and blocks across the state to protest against the alleged assault on the eight-member TMC team at the Silchar airport on Thursday when they tried to enter Assam's Cachar district to assess the situation in the wake of the publication of the final draft of the National Register of Citizens (",
"time_scraped": "2018-08-23 15:01:32.265284",
"article_id": "65270993",
"article_category": "IndiaNews",
"image_details": [
{
"url": "https://timesofindia.indiatimes.com/thumb/msid-65270991,imgsize-93672,width-400,resizemode-4/65270991.jpg",
"path": "full/bc7075d7f0dae101dfcab57123359d6f3732c5bd.jpg",
"checksum": "732ba0fec0b8e499fe2ae1fbd72c5a30"
}
],
"ibm_nlu": {
"usage": {
"text_units": 1,
"text_characters": 1454,
"features": 7
},
"sentiment": {
"document": {
"score": -0.583447,
"label": "negative"
}
},
"semantic_roles": [
{
"subject": {
"text": "The Trinamool Congress on Saturday"
},
"sentence": "KOLKATA: The Trinamool Congress on Saturday observed a 'black day' in various parts of in protest against the alleged \"detention and manhandling\" of its leaders in 's Silchar airport.",
"object": {
"text": "a 'black day' in various parts of in protest against the alleged \"detention and manhandling\" of its leaders in 's Silchar airport"
},
"action": {
"verb": {
"text": "observe",
"tense": "past"
},
"text": "observed",
"normalized": "observe"
}
},
{
"subject": {
"text": "The protest"
},
"sentence": " The protest will continue on Sunday too, party sources said.",
"action": {
"verb": {
"text": "continue",
"tense": "future"
},
"text": "will continue",
"normalized": "will continue"
}
},
{
"subject": {
"text": "party sources"
},
"sentence": " The protest will continue on Sunday too, party sources said.",
"object": {
"text": "The protest will continue on Sunday too"
},
"action": {
"verb": {
"text": "say",
"tense": "past"
},
"text": "said",
"normalized": "say"
}
},
{
"subject": {
"text": "TMC ministers, leaders and activists"
},
"sentence": " TMC ministers, leaders and activists hit the streets in the districts and blocks across the state to protest against the alleged assault on the eight-member TMC team at the Silchar airport on Thursday when they tried to enter Assam's Cachar district to assess the situation in the wake of the publication of the final draft of the National Register of Citizens ( ).",
"object": {
"text": "the streets in the districts and blocks across the state"
},
"action": {
"verb": {
"text": "hit",
"tense": "past"
},
"text": "hit",
"normalized": "hit"
}
},
{
"subject": {
"text": "TMC ministers, leaders and activists"
},
"sentence": " TMC ministers, leaders and activists hit the streets in the districts and blocks across the state to protest against the alleged assault on the eight-member TMC team at the Silchar airport on Thursday when they tried to enter Assam's Cachar district to assess the situation in the wake of the publication of the final draft of the National Register of Citizens ( ).",
"object": {
"text": "against the alleged assault on the eight-member TMC team"
},
"action": {
"verb": {
"text": "protest",
"tense": "future"
},
"text": "to protest",
"normalized": "to protest"
}
},
{
"subject": {
"text": "they"
},
"sentence": " TMC ministers, leaders and activists hit the streets in the districts and blocks across the state to protest against the alleged assault on the eight-member TMC team at the Silchar airport on Thursday when they tried to enter Assam's Cachar district to assess the situation in the wake of the publication of the final draft of the National Register of Citizens ( ).",
"object": {
"text": "to enter Assam's Cachar district to assess the situation in the wake of the publication of the final draft"
},
"action": {
"verb": {
"text": "try",
"tense": "past"
},
"text": "tried",
"normalized": "try"
}
},
{
"subject": {
"text": "they"
},
"sentence": " TMC ministers, leaders and activists hit the streets in the districts and blocks across the state to protest against the alleged assault on the eight-member TMC team at the Silchar airport on Thursday when they tried to enter Assam's Cachar district to assess the situation in the wake of the publication of the final draft of the National Register of Citizens ( ).",
"object": {
"text": "Assam's Cachar district"
},
"action": {
"verb": {
"text": "enter",
"tense": "future"
},
"text": "tried to enter",
"normalized": "try to enter"
}
},
{
"subject": {
"text": "TMC activists"
},
"sentence": " Carrying placards and sporting black masks and badges, TMC activists shouted slogans against the BJP governments at the Centre and Assam and the final draft of the NRC, published on July 30 and touted to be The eight-member TMC delegation had comprised of six MPs, an MLA and West Bengal minister Firhad Hikim.",
"object": {
"text": "placards"
},
"action": {
"verb": {
"text": "Carrying",
"tense": "present"
},
"text": "Carrying",
"normalized": "Carrying"
}
},
{
"subject": {
"text": "TMC activists"
},
"sentence": " Carrying placards and sporting black masks and badges, TMC activists shouted slogans against the BJP governments at the Centre and Assam and the final draft of the NRC, published on July 30 and touted to be The eight-member TMC delegation had comprised of six MPs, an MLA and West Bengal minister Firhad Hikim.",
"object": {
"text": "slogans against the BJP governments"
},
"action": {
"verb": {
"text": "shout",
"tense": "past"
},
"text": "shouted",
"normalized": "shout"
}
},
{
"subject": {
"text": "The eight-member TMC delegation"
},
"sentence": " Carrying placards and sporting black masks and badges, TMC activists shouted slogans against the BJP governments at the Centre and Assam and the final draft of the NRC, published on July 30 and touted to be The eight-member TMC delegation had comprised of six MPs, an MLA and West Bengal minister Firhad Hikim.",
"object": {
"text": "of six MPs, an MLA and West Bengal minister Firhad Hikim"
},
"action": {
"verb": {
"text": "comprise",
"tense": "past"
},
"text": "had comprised",
"normalized": "have comprise"
}
},
{
"subject": {
"text": "They"
},
"sentence": " They were stopped at the Silchar airport and put under preventive detention.",
"action": {
"verb": {
"text": "stop",
"tense": "past"
},
"text": "were stopped",
"normalized": "be stop"
}
},
{
"subject": {
"text": "TMC chief and West Bengal chief minister"
},
"sentence": " TMC chief and West Bengal chief minister had alleged that the members of the delegation, including women, were manhandled at the airport and accused the BJP of imposing a \"super emergency\" in the country.",
"object": {
"text": "alleged that the members of the delegation, including women, were manhandled at the airport"
},
"action": {
"verb": {
"text": "have",
"tense": "past"
},
"text": "had",
"normalized": "have"
}
},
{
"subject": {
"text": "TMC chief and West Bengal chief minister"
},
"sentence": " TMC chief and West Bengal chief minister had alleged that the members of the delegation, including women, were manhandled at the airport and accused the BJP of imposing a \"super emergency\" in the country.",
"object": {
"text": "that the members of the delegation, including women, were manhandled at the airport and accused the BJP of imposing a \"super emergency\" in the country"
},
"action": {
"verb": {
"text": "allege",
"tense": "past"
},
"text": "had alleged",
"normalized": "have allege"
}
},
{
"subject": {
"text": "women"
},
"sentence": " TMC chief and West Bengal chief minister had alleged that the members of the delegation, including women, were manhandled at the airport and accused the BJP of imposing a \"super emergency\" in the country.",
"object": {
"text": "the delegation"
},
"action": {
"verb": {
"text": "include",
"tense": "present"
},
"text": "including",
"normalized": "include"
}
},
{
"subject": {
"text": "the members of the delegation, including women,"
},
"sentence": " TMC chief and West Bengal chief minister had alleged that the members of the delegation, including women, were manhandled at the airport and accused the BJP of imposing a \"super emergency\" in the country.",
"action": {
"verb": {
"text": "manhandle",
"tense": "past"
},
"text": "were manhandled",
"normalized": "be manhandle"
}
},
{
"subject": {
"text": "the BJP"
},
"sentence": " TMC chief and West Bengal chief minister had alleged that the members of the delegation, including women, were manhandled at the airport and accused the BJP of imposing a \"super emergency\" in the country.",
"object": {
"text": "a \"super emergency\""
},
"action": {
"verb": {
"text": "impose",
"tense": "future"
},
"text": "imposing",
"normalized": "impose"
}
},
{
"subject": {
"text": "TMC secretary-general Partha Chatterjee"
},
"sentence": " TMC secretary-general Partha Chatterjee had on Friday said, \"What happened to our party delegation is not only shameful but also undemocratic.",
"object": {
"text": "What happened to our party delegation is not only shameful but also undemocratic"
},
"action": {
"verb": {
"text": "say",
"tense": "past"
},
"text": "said",
"normalized": "say"
}
}
],
"relations": [
{
"type": "employedBy",
"sentence": "KOLKATA: The Trinamool Congress on Saturday observed a 'black day' in various parts of in protest against the alleged \"detention and manhandling\" of its leaders in 's Silchar airport.",
"score": 0.537756,
"arguments": [
{
"text": "leaders",
"location": [
153,
160
],
"entities": [
{
"type": "Person",
"text": "leaders"
}
]
},
{
"text": "its",
"location": [
149,
152
],
"entities": [
{
"type": "Organization",
"text": "its"
}
]
}
]
},
{
"type": "locatedAt",
"sentence": "TMC ministers, leaders and activists hit the streets in the districts and blocks across the state to protest against the alleged assault on the eight-member TMC team at the Silchar airport on Thursday when they tried to enter Assam's Cachar district to assess the situation in the wake of the publication of the final draft of the National Register of Citizens ( ).",
"score": 0.538813,
"arguments": [
{
"text": "Silchar airport",
"location": [
418,
433
],
"entities": [
{
"type": "Facility",
"text": "Silchar airport"
}
]
},
{
"text": "Assam",
"location": [
471,
476
],
"entities": [
{
"type": "GeopoliticalEntity",
"text": "Assam"
}
]
}
]
},
{
"type": "locatedAt",
"sentence": "TMC ministers, leaders and activists hit the streets in the districts and blocks across the state to protest against the alleged assault on the eight-member TMC team at the Silchar airport on Thursday when they tried to enter Assam's Cachar district to assess the situation in the wake of the publication of the final draft of the National Register of Citizens ( ).",
"score": 0.47688,
"arguments": [
{
"text": "they",
"location": [
451,
455
],
"entities": [
{
"type": "Person",
"text": "ministers"
}
]
},
{
"text": "Assam",
"location": [
471,
476
],
"entities": [
{
"type": "GeopoliticalEntity",
"text": "Assam"
}
]
}
]
},
{
"type": "locatedAt",
"sentence": "TMC ministers, leaders and activists hit the streets in the districts and blocks across the state to protest against the alleged assault on the eight-member TMC team at the Silchar airport on Thursday when they tried to enter Assam's Cachar district to assess the situation in the wake of the publication of the final draft of the National Register of Citizens ( ).",
"score": 0.599082,
"arguments": [
{
"text": "they",
"location": [
451,
455
],
"entities": [
{
"type": "Person",
"text": "ministers"
}
]
},
{
"text": "Cachar district",
"location": [
479,
494
],
"entities": [
{
"type": "GeopoliticalEntity",
"text": "Cachar district"
}
]
}
]
},
{
"type": "locatedAt",
"sentence": "TMC ministers, leaders and activists hit the streets in the districts and blocks across the state to protest against the alleged assault on the eight-member TMC team at the Silchar airport on Thursday when they tried to enter Assam's Cachar district to assess the situation in the wake of the publication of the final draft of the National Register of Citizens ( ).",
"score": 0.709635,
"arguments": [
{
"text": "Cachar district",
"location": [
479,
494
],
"entities": [
{
"type": "GeopoliticalEntity",
"text": "Cachar district"
}
]
},
{
"text": "Assam",
"location": [
471,
476
],
"entities": [
{
"type": "GeopoliticalEntity",
"text": "Assam"
}
]
}
]
},
{
"type": "locatedAt",
"sentence": "Carrying placards and sporting black masks and badges, TMC activists shouted slogans against the BJP governments at the Centre and Assam and the final draft of the NRC, published on July 30 and touted to be The eight-member TMC delegation had comprised of six MPs, an MLA and West Bengal minister Firhad Hikim.",
"score": 0.541308,
"arguments": [
{
"text": "minister",
"location": [
899,
907
],
"entities": [
{
"type": "Person",
"text": "Firhad Hikim"
}
]
},
{
"text": "West Bengal",
"location": [
887,
898
],
"entities": [
{
"type": "Facility",
"text": "West Bengal"
}
]
}
]
},
{
"type": "locatedAt",
"sentence": "They were stopped at the Silchar airport and put under preventive detention.",
"score": 0.804334,
"arguments": [
{
"text": "They",
"location": [
922,
926
],
"entities": [
{
"type": "Person",
"text": "ministers"
}
]
},
{
"text": "Silchar airport",
"location": [
947,
962
],
"entities": [
{
"type": "Facility",
"text": "Silchar airport"
}
]
}
]
},
{
"type": "affectedBy",
"sentence": "They were stopped at the Silchar airport and put under preventive detention.",
"score": 0.501718,
"arguments": [
{
"text": "They",
"location": [
922,
926
],
"entities": [
{
"type": "Person",
"text": "ministers"
}
]
},
{
"text": "detention",
"location": [
988,
997
],
"entities": [
{
"type": "EventCustody",
"text": "detention"
}
]
}
]
},
{
"type": "locatedAt",
"sentence": "They returned to the city on Friday.",
"score": 0.729371,
"arguments": [
{
"text": "They",
"location": [
999,
1003
],
"entities": [
{
"type": "Person",
"text": "ministers"
}
]
},
{
"text": "city",
"location": [
1020,
1024
],
"entities": [
{
"type": "GeopoliticalEntity",
"text": "districts"
}
]
}
]
},
{
"type": "managerOf",
"sentence": "TMC chief and West Bengal chief minister had alleged that the members of the delegation, including women, were manhandled at the airport and accused the BJP of imposing a \"super emergency\" in the country.",
"score": 0.519715,
"arguments": [
{
"text": "chief",
"location": [
1040,
1045
],
"entities": [
{
"type": "Person",
"text": "chief"
}
]
},
{
"text": "TMC",
"location": [
1036,
1039
],
"entities": [
{
"type": "Organization",
"text": "TMC secretary-general"
}
]
}
]
},
{
"type": "locatedAt",
"sentence": "TMC chief and West Bengal chief minister had alleged that the members of the delegation, including women, were manhandled at the airport and accused the BJP of imposing a \"super emergency\" in the country.",
"score": 0.439009,
"arguments": [
{
"text": "chief minister",
"location": [
1062,
1076
],
"entities": [
{
"type": "Person",
"text": "chief minister"
}
]
},
{
"text": "West Bengal",
"location": [
1050,
1061
],
"entities": [
{
"type": "Facility",
"text": "West Bengal"
}
]
}
]
},
{
"type": "ownerOf",
"sentence": "KOLKATA: The Trinamool Congress on Saturday observed a 'black day' in various parts of in protest against the alleged \"detention and manhandling\" of its leaders in 's Silchar airport.",
"score": 0.530804,
"arguments": [
{
"text": "its",
"location": [
149,
152
],
"entities": [
{
"type": "Organization",
"text": "its"
}
]
},
{
"text": "airport",
"location": [
175,
182
],
"entities": [
{
"type": "Facility",
"text": "Silchar airport"
}
]
}
]
},
{
"type": "agentOf",
"sentence": "TMC chief and West Bengal chief minister had alleged that the members of the delegation, including women, were manhandled at the airport and accused the BJP of imposing a \"super emergency\" in the country.",
"score": 0.648178,
"arguments": [
{
"text": "chief minister",
"location": [
1062,
1076
],
"entities": [
{
"type": "Person",
"text": "chief minister"
}
]
},
{
"text": "alleged",
"location": [
1081,
1088
],
"entities": [
{
"type": "EventCommunication",
"text": "alleged"
}
]
}
]
},
{
"type": "partOfMany",
"sentence": "TMC chief and West Bengal chief minister had alleged that the members of the delegation, including women, were manhandled at the airport and accused the BJP of imposing a \"super emergency\" in the country.",
"score": 0.559346,
"arguments": [
{
"text": "members",
"location": [
1098,
1105
],
"entities": [
{
"type": "Person",
"text": "members"
}
]
},
{
"text": "delegation",
"location": [
1113,
1123
],
"entities": [
{
"type": "Person",
"text": "delegation"
}
]
}
]
},
{
"type": "partOfMany",
"sentence": "TMC chief and West Bengal chief minister had alleged that the members of the delegation, including women, were manhandled at the airport and accused the BJP of imposing a \"super emergency\" in the country.",
"score": 0.865055,
"arguments": [
{
"text": "members",
"location": [
1098,
1105
],
"entities": [
{
"type": "Person",
"text": "members"
}
]
},
{
"text": "women",
"location": [
1135,
1140
],
"entities": [
{
"type": "Person",
"text": "women"
}
]
}
]
},
{
"type": "locatedAt",
"sentence": "TMC chief and West Bengal chief minister had alleged that the members of the delegation, including women, were manhandled at the airport and accused the BJP of imposing a \"super emergency\" in the country.",
"score": 0.570068,
"arguments": [
{
"text": "members",
"location": [
1098,
1105
],
"entities": [
{
"type": "Person",
"text": "members"
}
]
},
{
"text": "airport",
"location": [
1165,
1172
],
"entities": [
{
"type": "Facility",
"text": "Silchar airport"
}
]
}
]
},
{
"type": "agentOf",
"sentence": "TMC chief and West Bengal chief minister had alleged that the members of the delegation, including women, were manhandled at the airport and accused the BJP of imposing a \"super emergency\" in the country.",
"score": 0.402,
"arguments": [
{
"text": "members",
"location": [
1098,
1105
],
"entities": [
{
"type": "Person",
"text": "members"
}
]
},
{
"text": "accused",
"location": [
1177,
1184
],
"entities": [
{
"type": "EventCommunication",
"text": "accused"
}
]
}
]
},
{
"type": "employedBy",
"sentence": "TMC secretary-general Partha Chatterjee had on Friday said, \"What happened to our party delegation is not only shameful but also undemocratic.",
"score": 0.830435,
"arguments": [
{
"text": "Partha Chatterjee",
"location": [
1263,
1280
],
"entities": [
{
"type": "Person",
"text": "Partha Chatterjee"
}
]
},
{
"text": "TMC secretary-general",
"location": [
1241,
1262
],
"entities": [
{
"type": "Organization",
"text": "TMC secretary-general"
}
]
}
]
},
{
"type": "agentOf",
"sentence": "TMC secretary-general Partha Chatterjee had on Friday said, \"What happened to our party delegation is not only shameful but also undemocratic.",
"score": 0.721819,
"arguments": [
{
"text": "Partha Chatterjee",
"location": [
1263,
1280
],
"entities": [
{
"type": "Person",
"text": "Partha Chatterjee"
}
]
},
{
"text": "said",
"location": [
1295,
1299
],
"entities": [
{
"type": "EventCommunication",
"text": "said"
}
]
}
]
},
{
"type": "timeOf",
"sentence": "TMC secretary-general Partha Chatterjee had on Friday said, \"What happened to our party delegation is not only shameful but also undemocratic.",
"score": 0.947488,
"arguments": [
{
"text": "Friday",
"location": [
1288,
1294
],
"entities": [
{
"type": "Date",
"text": "Friday"
}
]
},
{
"text": "said",
"location": [
1295,
1299
],
"entities": [
{
"type": "EventCommunication",
"text": "said"
}
]
}
]
},
{
"type": "locatedAt",
"sentence": "KOLKATA: The Trinamool Congress on Saturday observed a 'black day' in various parts of in protest against the alleged \"detention and manhandling\" of its leaders in 's Silchar airport.",
"score": 0.371588,
"arguments": [
{
"text": "leaders",
"location": [
153,
160
],
"entities": [
{
"type": "Person",
"text": "leaders"
}
]
},
{
"text": "airport",
"location": [
175,
182
],
"entities": [
{
"type": "Facility",
"text": "Silchar airport"
}
]
}
]
},
{
"type": "memberOf",
"sentence": "The protest will continue on Sunday too, party sources said.",
"score": 0.555738,
"arguments": [
{
"text": "sources",
"location": [
231,
238
],
"entities": [
{
"type": "Person",
"text": "sources"
}
]
},
{
"text": "party",
"location": [
225,
230
],
"entities": [
{
"type": "Organization",
"text": "party",
"disambiguation": {
"subtype": [
"Political"
]
}
}
]
}
]
},
{
"type": "agentOf",
"sentence": "The protest will continue on Sunday too, party sources said.",
"score": 0.986491,
"arguments": [
{
"text": "sources",
"location": [
231,
238
],
"entities": [
{
"type": "Person",
"text": "sources"
}
]
},
{
"text": "said",
"location": [
239,
243
],
"entities": [
{
"type": "EventCommunication",
"text": "said"
}
]
}
]
},
{
"type": "employedBy",
"sentence": "TMC ministers, leaders and activists hit the streets in the districts and blocks across the state to protest against the alleged assault on the eight-member TMC team at the Silchar airport on Thursday when they tried to enter Assam's Cachar district to assess the situation in the wake of the publication of the final draft of the National Register of Citizens ( ).",
"score": 0.415822,
"arguments": [
{
"text": "ministers",
"location": [
249,
258
],
"entities": [
{
"type": "Person",
"text": "ministers"
}
]
},
{
"text": "TMC",
"location": [
245,
248
],
"entities": [
{
"type": "Organization",
"text": "TMC secretary-general"
}
]
}
]
},
{
"type": "locatedAt",
"sentence": "TMC ministers, leaders and activists hit the streets in the districts and blocks across the state to protest against the alleged assault on the eight-member TMC team at the Silchar airport on Thursday when they tried to enter Assam's Cachar district to assess the situation in the wake of the publication of the final draft of the National Register of Citizens ( ).",
"score": 0.887278,
"arguments": [
{
"text": "streets",
"location": [
290,
297
],
"entities": [
{
"type": "Facility",
"text": "streets"
}
]
},
{
"text": "districts",
"location": [
305,
314
],
"entities": [
{
"type": "GeopoliticalEntity",
"text": "districts"
}
]
}
]
},
{
"type": "locatedAt",
"sentence": "TMC ministers, leaders and activists hit the streets in the districts and blocks across the state to protest against the alleged assault on the eight-member TMC team at the Silchar airport on Thursday when they tried to enter Assam's Cachar district to assess the situation in the wake of the publication of the final draft of the National Register of Citizens ( ).",
"score": 0.591975,
"arguments": [
{
"text": "assault",
"location": [
374,
381
],
"entities": [
{
"type": "Crime",
"text": "assault"
}
]
},
{
"text": "Silchar airport",
"location": [
418,
433
],
"entities": [
{
"type": "Facility",
"text": "Silchar airport"
}
]
}
]
},
{
"type": "locatedAt",
"sentence": "TMC ministers, leaders and activists hit the streets in the districts and blocks across the state to protest against the alleged assault on the eight-member TMC team at the Silchar airport on Thursday when they tried to enter Assam's Cachar district to assess the situation in the wake of the publication of the final draft of the National Register of Citizens ( ).",
"score": 0.500055,
"arguments": [
{
"text": "team",
"location": [
406,
410
],
"entities": [
{
"type": "Organization",
"text": "TMC secretary-general"
}
]
},
{
"text": "Silchar airport",
"location": [
418,
433
],
"entities": [
{
"type": "Facility",
"text": "Silchar airport"
}
]
}
]
}
],
"language": "en",
"keywords": [
{
"text": "eight-member TMC delegation",
"sentiment": {
"score": 0.0,
"label": "neutral"
},
"relevance": 0.948076,
"emotion": {
"sadness": 0.134018,
"joy": 0.055677,
"fear": 0.092492,
"disgust": 0.056789,
"anger": 0.085709
}
},
{
"text": "eight-member TMC team",
"sentiment": {
"score": -0.395402,
"label": "negative"
},
"relevance": 0.90331,
"emotion": {
"sadness": 0.453075,
"joy": 0.034619,
"fear": 0.253877,
"disgust": 0.328244,
"anger": 0.306109
}
},
{
"text": "TMC secretary-general Partha",
"sentiment": {
"score": 0.0,
"label": "neutral"
},
"relevance": 0.762254,
"emotion": {
"sadness": 0.25864,
"joy": 0.429188,
"fear": 0.139151,
"disgust": 0.072076,
"anger": 0.117005
}
},
{
"text": "Silchar airport",
"sentiment": {
"score": -0.518586,
"label": "negative"
},
"relevance": 0.72879,
"emotion": {
"sadness": 0.401355,
"joy": 0.025488,
"fear": 0.212957,
"disgust": 0.351114,
"anger": 0.402645
}
},
{
"text": "TMC activists",
"sentiment": {
"score": 0.0,
"label": "neutral"
},
"relevance": 0.588654,
"emotion": {
"sadness": 0.350026,
"joy": 0.086637,
"fear": 0.105742,
"disgust": 0.216458,
"anger": 0.26523
}
}
],
"entities": [
{
"type": "Company",
"text": "TMC",
"sentiment": {
"score": -0.395402,
"label": "negative"
},
"relevance": 0.862527,
"emotion": {
"sadness": 0.541037,
"joy": 0.159532,
"fear": 0.186109,
"disgust": 0.190754,
"anger": 0.153993
},
"count": 4
},
{
"type": "Location",
"text": "Silchar",
"sentiment": {
"score": -0.518586,
"label": "negative"
},
"relevance": 0.486607,
"emotion": {
"sadness": 0.401355,
"joy": 0.025488,
"fear": 0.212957,
"disgust": 0.351114,
"anger": 0.402645
},
"disambiguation": {
"subtype": [
"City"
],
"name": "Silchar",
"dbpedia_resource": "http://dbpedia.org/resource/Silchar"
},
"count": 3
},
{
"type": "Organization",
"text": "BJP",
"sentiment": {
"score": -0.344878,
"label": "negative"
},
"relevance": 0.442311,
"emotion": {
"sadness": 0.291314,
"joy": 0.022224,
"fear": 0.071486,
"disgust": 0.299717,
"anger": 0.595052
},
"count": 2
},
{
"type": "Location",
"text": "West Bengal",
"sentiment": {
"score": 0.355425,
"label": "positive"
},
"relevance": 0.414246,
"emotion": {
"sadness": 0.570016,
"joy": 0.092567,
"fear": 0.177106,
"disgust": 0.163229,
"anger": 0.124826
},
"disambiguation": {
"subtype": [
"Country"
]
},
"count": 2
},
{
"type": "Person",
"text": "Partha Chatterjee",
"sentiment": {
"score": 0.0,
"label": "neutral"
},
"relevance": 0.318933,
"emotion": {
"sadness": 0.25864,
"joy": 0.429188,
"fear": 0.139151,
"disgust": 0.072076,
"anger": 0.117005
},
"disambiguation": {
"subtype": [],
"name": "Partha Chatterjee (politician)",
"dbpedia_resource": "http://dbpedia.org/resource/Partha_Chatterjee_(politician)"
},
"count": 1
}
],
"concepts": [
{
"text": "India",
"relevance": 0.988744,
"dbpedia_resource": "http://dbpedia.org/resource/India"
},
{
"text": "West Bengal",
"relevance": 0.95038,
"dbpedia_resource": "http://dbpedia.org/resource/West_Bengal"
},
{
"text": "Assam",
"relevance": 0.922226,
"dbpedia_resource": "http://dbpedia.org/resource/Assam"
},
{
"text": "Silchar",
"relevance": 0.920899,
"dbpedia_resource": "http://dbpedia.org/resource/Silchar"
},
{
"text": "Bengali language",
"relevance": 0.798586,
"dbpedia_resource": "http://dbpedia.org/resource/Bengali_language"
}
],
"categories": [
{
"score": 0.434715,
"label": "/law, govt and politics/government"
},
{
"score": 0.389993,
"label": "/travel/transports/air travel/airports"
},
{
"score": 0.199439,
"label": "/law, govt and politics/law enforcement/police"
}
]
}
}