{
"source_article_link": "https://timesofindia.indiatimes.com/india/what-is-kiki-challenge/articleshow/65355795.cms?&utm_source=Articleshow&utm_medium=Organic&utm_campaign=Related_Stories",
"title": "What is Kiki Challenge?",
"date_published": "2018-08-10T18:11:29+05:30",
"source_type": "news_article",
"source_name": "timesofindia.indiatimes.com",
"image_link": [
"https://timesofindia.indiatimes.com/thumb/msid-65355796,imgsize-8912,width-400,resizemode-4/65355796.jpg"
],
"article_body": "is a dance challenge that has gone viral across the world. The is based on Canadian hip-hop superstar Drake\u2019s hit song \"In My Feelings\" from his latest album Scorpion. The viral trend shows participants coming out of a moving car, leaving the door open and then dance to the song beside their slow-moving vehicle as it cruises down the street. The US comedian Shoker is believed to be the inventor of this dance challenge. Shoker on his Instagram post (@theshiggyshow), posted a video of him performing for the \"In My Feelings\" song. The song also plays off the chorus: Kiki, do you love me/ Are you riding/ Say you\u2019ll never ever leave from beside me. As per the challenge, the participant has to step out of a moving car, perform the dance while the car is moving and then again jump back into the car, without any injuries. However, a series of casualties have been reported in Delhi, Mumbai, Chandigarh, Bengaluru, UP, Jaipur and other cities because of Kiki challenge. In India, the enforcement agencies have issued advisories against attempting the challenge.",
"description": "is a dance challenge that has gone viral across the world. The is based on Canadian hip-hop superstar Drake\u2019s hit song \"In My Feelings\" from his latest album Scorpion. The viral trend shows participants coming out of a moving car, leaving the door open and then dance to the song beside their slow-moving vehicle as it cruises down the street. The US comedian Shoker is believed to be the inventor of this dance challenge. Shoker on his Instagram post (@theshiggyshow), posted a video of him performing for the \"In My Feelings\" song. The song also plays off the chorus: Kiki, do you love me/ Are you riding/ Say you\u2019ll never ever leave from beside me. As per the challenge, the participant has to step out of a moving car, perform the dance while the car is moving and then again jump back into the car, without any injuries. However, a series of casualties have been reported in Delhi, Mumbai, Chandigarh, Bengaluru, UP, Jaipur and other cities because of Kiki challenge. In India, the enforcement agencies have issued advisories against attempting the challenge.",
"time_scraped": "2018-08-17 12:00:36.042254",
"article_id": "65355795",
"article_category": "IndiaNews",
"image_details": [
{
"url": "https://timesofindia.indiatimes.com/thumb/msid-65355796,imgsize-8912,width-400,resizemode-4/65355796.jpg",
"path": "full/5c9c55ee5ce583d577a503bf0cbb45a2e3480464.jpg",
"checksum": "a3c30141a50b8ee65ea406dfb634febb"
}
]
}