{
"source_article_link": "https://timesofindia.indiatimes.com/india/rajnath-shah-visit-aiims-to-enquire-about-vajpayees-health/articleshow/65369129.cms?&utm_source=Articleshow&utm_medium=Organic&utm_campaign=Related_Stories",
"title": "Rajnath, Shah visit AIIMS to enquire about Vajpayee's health",
"date_published": "2018-08-11T21:32:36+05:30",
"source_type": "news_article",
"source_name": "timesofindia.indiatimes.com",
"image_link": [],
"article_body": "NEW DELHI: Home minister Rajnath Singh and BJP president Amit Shah visited AIIMS this evening to enquire about the health condition of former Prime Minister Atal Bihari Vajpayee, who has been undergoing treatment at the premier institute.Shah visited AIIMS around 6.30 pm and Singh reached there around 8.15 pm to enquire about Vajpayee's health condition, a source at the All India Institute of Medical Sciences (AIIMS) said.Vajpayee was admitted to the hospital on June 11 with kidney tract infection, chest congestion, urinary tract infection and low urine output.The 93-year-old BJP leader, a diabetic, has one functional kidney. He had suffered a stroke in 2009 that weakened his cognitive abilities.",
"description": "NEW DELHI: Home minister Rajnath Singh and BJP president Amit Shah visited AIIMS this evening to enquire about the health condition of former Prime Minister Atal Bihari Vajpayee, who has been undergoing treatment at the premier institute.Shah visited AIIMS around 6.30 pm and Singh reached there around 8.15 pm to enquire about Vajpayee's health condition, a source at the All India Institute of Medical Sciences (AIIMS) said.Vajpayee was admitted to the hospital on June 11 with kidney tract infection, chest congestion, urinary tract infection and low urine output.The 93-year-old BJP leader, a diabetic, has one functional kidney. He had suffered a stroke in 2009 that weakened his cognitive abilities.",
"time_scraped": "2018-08-16 01:32:59.057802",
"article_id": "65369129",
"article_category": "IndiaNews",
"image_details": []
}