{
"source_article_link": "https://timesofindia.indiatimes.com/india/amjad-ali-khan-releases-new-version-of-national-anthem/articleshow/65399420.cms?&utm_source=Articleshow&utm_medium=Organic&utm_campaign=Related_Stories",
"title": "Amjad Ali Khan releases new version of National Anthem",
"date_published": "2018-08-14T14:10:50+05:30",
"source_type": "news_article",
"source_name": "timesofindia.indiatimes.com",
"image_link": [
"https://timesofindia.indiatimes.com/thumb/msid-65399421,imgsize-140464,width-400,resizemode-4/65399421.jpg"
],
"article_body": "MUMBAI: Sarod maestro Amjad Ali Khan and his sons Amaan Ali Bangash and Ayaan Ali Bangash have created a special sarod rendition of theto honour India's 72nd Independence Day.Amjad Ali Khan said in a statement: \"I hope that every proud Indian connects to the ethos of our Independence Day. This is a tribute to our freedom fighters, soldiers and a celebration of the Independence of our great Nation.\"The three minute long track has been created in association with Airtel.The 72-year-old musician, who has made India proud globally with his performances for decades, is the recipient of various prestigious awards including the,and theNational Sadbhavna Award.",
"description": "MUMBAI: Sarod maestro Amjad Ali Khan and his sons Amaan Ali Bangash and Ayaan Ali Bangash have created a special sarod rendition of theto honour India's 72nd Independence Day.Amjad Ali Khan said in a statement: \"I hope that every proud Indian connects to the ethos of our Independence Day. This is a tribute to our freedom fighters, soldiers and a celebration of the Independence of our great Nation.\"The three minute long track has been created in association with Airtel.The 72-year-old musician, who has made India proud globally with his performances for decades, is the recipient of various prestigious awards including the",
"time_scraped": "2018-08-16 01:34:17.501772",
"article_id": "65399420",
"article_category": "IndiaNews",
"image_details": [
{
"url": "https://timesofindia.indiatimes.com/thumb/msid-65399421,imgsize-140464,width-400,resizemode-4/65399421.jpg",
"path": "full/3b1892ca7f8377251d34534a506fc0624c27b0f8.jpg",
"checksum": "6c12b187351ac506e6884e256c4a6315"
}
]
}