{
"source_article_link": "https://timesofindia.indiatimes.com/india/pm-modi-visits-aiims-to-inquire-about-atal-bihari-vajpayees-health/articleshow/65415324.cms",
"title": "PM Modi visits AIIMS to inquire about Atal Bihari Vajpayee's health",
"date_published": "2018-08-15T23:19:29+05:30",
"source_type": "news_article",
"source_name": "timesofindia.indiatimes.com",
"image_link": [
"https://timesofindia.indiatimes.com/thumb/msid-65415536,imgsize-53025,width-400,resizemode-4/65415536.jpg"
],
"article_body": "NEW DELHI: Prime Ministervisited the AIIMS this evening to enquire about the condition of former prime ministerwho is undergoing treatment there.There was no official update from the All India Institute of Medical Sciences, where a team of doctors is monitoring his condition.Modi reached the hospital at around 7.15 pm and spent about 50 minutes there.After Modi, Railway Minister Piyush Goyal and BJP MP Meenakshi Lekhi also paid a visit.Earlier in the evening, Union Textiles Ministerhad visited the hospital to check on Vajpayee.Vajpayee was admitted at the AIIMS on June 11 with a kidney tract infection,, low urine output and chest congestion.The 93-year-old Bharatiya Janata Party leader, a diabetic, has only one functional kidney.He had suffered a stroke in 2009 that weakened his cognitive abilities. Subsequently, he developed.",
"description": "NEW DELHI: Prime Ministervisited the AIIMS this evening to enquire about the condition of former prime ministerwho is undergoing treatment there.There was no official update from the All India Institute of Medical Sciences, where a team of doctors is monitoring his condition.Modi reached the hospital at around 7.15 pm and spent about 50 minutes there.",
"time_scraped": "2018-08-16 01:32:29.617839",
"article_id": "65415324",
"article_category": "IndiaNews",
"image_details": [
{
"url": "https://timesofindia.indiatimes.com/thumb/msid-65415536,imgsize-53025,width-400,resizemode-4/65415536.jpg",
"path": "full/1785e96c28891b8e0b6d9bd4a266018f843ba6ac.jpg",
"checksum": "baedaa5ec51d248859cbc644c634e48a"
}
]
}