{
"source_article_link": "https://timesofindia.indiatimes.com/india/smriti-irani-visits-aiims-to-enquire-about-vajpayees-health/articleshow/65415301.cms?&utm_source=Articleshow&utm_medium=Organic&utm_campaign=Related_Stories",
"title": "Smriti Irani visits AIIMS to enquire about Vajpayee's health",
"date_published": "2018-08-15T20:53:32+05:30",
"source_type": "news_article",
"source_name": "timesofindia.indiatimes.com",
"image_link": [
"https://timesofindia.indiatimes.com/thumb/msid-65415473,imgsize-44693,width-400,resizemode-4/65415473.jpg"
],
"article_body": "NEW DELHI: Union textiles ministervisitedon Wednesday evening to enquire about the health condition of former Prime Minister Atal Bihari, who has been undergoing treatment at the premier institute.There was no official update oncondition.Vajpayee was admitted to the All India Institute of Medical Sciences (AIIMS) on June 11 with kidney tract infection, chest congestion, urinary tract infection and low urine output.The 93-year-old BJP leader, a diabetic, has one functional kidney. He had suffered a stroke in 2009 that weakened his cognitive abilities. Subsequently, he developed dementia.",
"description": "NEW DELHI: Union textiles ministervisitedon Wednesday evening to enquire about the health condition of former Prime Minister Atal Bihari, who has been undergoing treatment at the premier institute.There was no official update on",
"time_scraped": "2018-08-16 01:32:55.378128",
"article_id": "65415301",
"article_category": "IndiaNews",
"image_details": [
{
"url": "https://timesofindia.indiatimes.com/thumb/msid-65415473,imgsize-44693,width-400,resizemode-4/65415473.jpg",
"path": "full/82016d3941c06ed05e73a8ba5d67aa97bc2b39d6.jpg",
"checksum": "911ad23674fced719271486f6b77d0e4"
}
]
}